name,"Number of units Present multiple times"
"Arden Eggs White",10
"Saffola Veggie Twist Masala Oats",10
"Quaker Oats",10
"Sunfeast Yippee! Pasta Treat - Sour Cream Onion",10
"Sunfeast YiPPee! Magic Masala Noodles",10
"Mother's Recipe Tamarind Paste",10
"Amul Delicious Fat Spread - Cholesterol Free",10
"Kellogg's Real Almond & Honey Corn Flakes",9
"Amul Fresh Cream",8
"iD Idli & Dosa Batter ",7
"Everest Garam Masala",6
"Everest Chicken Masala",6
"Everest Kitchen King Masala",6
"Godrej Yummiez Chicken Nuggets",6
"Zorabian Chicken Smoked Ham",6
"Godrej Yummiez Chilli Chicken Sausages ",6
"Everest Tandoori Chicken Masala",6
"Godrej Yummiez Chicken Punjabi Tikka ",6
"Maggi Magic Cubes Extra Chicken",6
"Yummiez Chicken Garlic Fingers Pouch",6
"Zorabian Chicken Kheema Parathas",6
"Godrej Yummiez Chicken Breakfast Salami",6
"Prasuma Vegetable Momos",6
"Smith & Jones Masala Noodles",6
"Kellogg's Chocos",6
"Mother's Recipe Pickle - Mango",6
"Kellogg's Original Corn Flakes",6
"Pedigree Puppy Dry Dog Food Food Chicken & Milk",6
"Pantai Green Curry Paste",6
"Ching's Secret Just Soak - Veg Hakka Noodles",6
"Kitchens of India Dal Makhani",6
"Pantai Red Curry Paste",6
"Ching's Secret Green Chilli Sauce",6
"MTR Roasted Vermicelli ",6
"Kellogg's Special K Original Corn Flakes",6
"Aashirvaad Suji Halwa With Jaggery",6
"Yummiez Green Peas",6
"Closeup Everfresh+ Anti-Germ Gel Toothpaste Red Hot",6
"Dove Hair Fall Rescue Shampoo",6
"Himalaya Anti Dandruff Shampoo",6
"Whisper Ultra Soft XL+ Sanitary Pads",6
"Whisper Choice Regular Sanitary Pads",6
"Whisper Ultra Clean XL Plus Sanitary Pad",6
"Maggi 2 Minute Masala Noodles",5
"Arden Eggs Brown",5
"Ching's Secret Instant Hot Garlic Noodles",5
"Ching's Secret Instant Schezwan Noodles",5
"Top Ramen  Noodles Curry Veg Pouch",5
"McCain New Mini Samosa with Cheese Pizza Style Filling",5
"Arden Desi Eggs",5
"Sunfeast Yippee! Mood Masala Noodles",5
"Chef's Basket Durum Wheat Elbow Pasta",5
"MTR Breakfast Khatta Meetha Poha Mix",5
"Borges Durum Wheat Fusilli Pasta ",5
"Chef's Basket Durum Wheat Fusilli Pasta",5
"Top Ramen Chicken Noodles",5
"Ching’s Secret Chowmein Hakka Noodles Masala ",5
"McCain New Mini Samosa with Cheese Corn Style Filling",5
"MTR 3 Min Poha",5
"Ching's Manchurian Instant Noodles",5
"Ching's Schezwan Masala Instant Noodles",5
"Saffola Yummy Masala Noodles ",5
"Dabur Hommade Tamarind Paste",5
"Nissin Cup Noodles Tangy Tomato",5
"Quaker Oats Breakfast Cereals - With Flavour Mix Nutritious Rich Source Of Energy",5
"Sunfeast Yippee! Power Up Atta Noodles",5
"Ching's Singapore Curry Instant Noodles",5
"Ching's Secret Instant Noodles, Hot Garlic",5
"Saffola Everyday Peppy Tomato Masala Oats",5
"Top Ramen Noodles, Atta",5
"Borges Durum Wheat Pasta Superior Quality",5
"Borges Farfalle Durum Wheat Pasta ",5
"Quaker Oats Pouch",5
"Masala Oats Masala & Coriander ",5
"Kitchens of India Dal Bukhara Gravy Mix",5
"Japanese Choice Udon Noodles",5
"Weikfield Tomato Salsa Instant Pasta",5
"Cantina Beans Mexican Beans",5
"Kitchens of India Mutter Paneer Mix",5
"Praakritik Organic Jumbo Rolled Oats",5
"Maggi 2-Minute Instant Noodles - Masala",5
"Ching's Chow Mein Hakka Noodles Masala",5
"Ching's Secret Veg Hakka Noodles",5
"Saffola Oats 100 % Natural",5
"Maggi Chilly Chow Cuppa Noodles",5
"Top Ramen Masala",5
"Chef's Basket Durum Wheat Penne Pasta",5
"Sunfeast Pasta Treat Pack of Tomato Cheese",5
"Maggi Special Masala Spicy Yummy Noodles",5
"Amul Cheese Spread Creamy",5
"Amul Lite Spread",5
"The Whole Truth Dark Chocolate Peanut Butter - Creamy",5
"Go Cheese  Spread Plain",5
"Go Cheese Spread - Garlic",5
"The Whole Truth Peanut Butter With Dates - Creamy No Sugar",5
"Yogabar 100% Pure Peanut Butter Creamy & Yummy Unsweetened",5
"The Whole Truth Dark Chocolate Peanut Butter - Crunchy",5
"Funfoods Peanut Butter Crunchy",5
"Go Cheese Spread - Four Pepper (Soft & Creamy)",5
"The Whole Truth Peanut Butter - Sweetened & Crunchy",5
"Funfoods Peanut Butter Creamy",5
"Yoga Bar Peanut Butter Dark Chocolate Jar",5
"The Laughing Cow Cheese Spread Plain",5
"Amul Cheese Spread Yummy Plain",5
"The Whole Truth Peanut Butter - Unsweetened & Crunchy",5
"Amul Cheese Spread Spicy Garlic",5
"Safal Frozen - Mixed Vegetables",4
"Safal Frozen Mixed Vegetables",4
"Safal Frozen Corn",4
"Safal Frozen - Sweet Corn",4
"Amul Pure Ghee (Pouch)",4
"Popular Essentials Toor Dal (Un-Polished)",4
"Fortune Soyabean Oil",4
"D'lecta Dairy Cream",4
"Dabur Ginger Garlic Paste",4
"Popular Essentials Refined Sugar",4
"Amul Mithai Mate Condensed Sweetened Milk",4
"Everest Pav Bhaji Masala",4
"Pillsbury Chakki Fresh Atta",4
"Everest Shahi Biryani Masala",4
"Popular Essentials Californian Almond",4
"Popular Essentials Ajwain Whole",4
"Nestle Everyday Dairy Whitener",4
"Betty Crocker Complete Pancake Mix Original",4
"Tata Sampann Kala Chana",4
"Weikfield Baking Powder",4
"Dhara Filtered Groundnut Oil (Jar)",4
"Pillsbury Choco Chip Pancake Mix",4
"Pillsbury Atta/Godihittu - Chakki Fresh",4
"Popular Essentials HMT Kolam Steam",4
"RRO Til Dil Premium Til Oil Bottle",4
"Sugarfree Gold Low Calorie Sweetner",4
"Smith & Jones Pasta Masala",4
"Pantai Coconut Cream",4
"Dlicia Whip Topping Bottle",4
"Sugarfree Gold Low Calorie Sweetner ",4
"Amulya Dairy Whitener ",4
"Everest Kesari Milk Masala",4
"Pantai Coconut Milk",4
"Everest Coriander Powder",4
"Amul Butter - Pasteurised",4
"Nestle A+ Nourish Dahi",4
"Britannia Burger Bun with Sesame Seed",4
"Amul Cheese Slices",4
"Godrej Yummiez Chicken Lucknowi Seekh Kebab",4
"Yummiez Chicken Breakfast Sausages",4
"Lux International Creamy White Soap Bar",4
"Dabur Meswak Toothpaste",4
"Savlon Moisture Shield Hand Wash",4
"Johnson's Baby Skincare Wipes",4
"Head & Shoulders Anti-Dandruff Smooth & Silky Shampoo",4
"Godrej No.1 Bathing Soap – Lime & Aloe Vera",4
"Himalaya Baby Powder",4
"Fiama Men's Refreshing Pulse Shower Gel",4
"Johnson's Baby Powder",4
"Johnson's Baby Soap",4
"Himalaya Anti Hair Fall Shampoo",4
"Himalaya Baby Lotion",4
"Sunsilk Lusciously Thick & Long Shampoo",4
"Listerine Cool Mint Mouthwash - Mild Taste",4
"Dove Daily Shine Conditioner",4
"Nivea Soft Light Moisturizer for Face Hand & Body Non-Sticky Cream with Vitamin E & Jojoba Oil",4
"Head & shoulders Anti Dandruff Shampoo Cool Menthol",4
"Dove Daily Shine Shampoo",4
"Pantene Advanced Hair Fall Solution Shampoo - Total Damage Care",4
"Himalaya Gentle Baby Shampoo",4
"Clean & Clear Foaming Face Wash",4
"Listerine Fresh Burst Mouthwash",4
"TRESemme Smooth And Shine Conditioner",4
"Johnson's Baby Oil",4
"Listerine Original Mouthwash",4
"L'Oreal Paris Dream Lengths Conditioner",4
"Dettol Antiseptic Liquid",4
"Eastern Chicken Masala",3
"Ching's Chicken Chilli Masala",3
"Ceres Foods Fish Mustard Instant Liquid Masala",3
"Everest Meat Masala Powder",3
"Everest Powder - Egg Curry Masala",3
"Eastern Fish Masala",3
"Ceres Foods Laal Maas Instant Liquid Masala",3
"Ceres Foods Nalli Nihari Instant Liquid Masala",3
"Suhana Spice Mix - Chicken Biryani",3
"Nestle A+ Actiplus Probiotic Dahi Plain Curd",3
"Suguna Sharp Egg ",3
"Suguna Active - DHA",3
"Suguna Heart- Omega3",3
"Suguna Fit Egg",3
"Suguna Nourish Egg",3
"Suguna Vitamin D Egg",3
"Suguna Nourish Egg ",3
"iD Malabar Parota ",3
"iD Wheat Lachha Paratha",3
"McCain Aloo Tikki",3
"McCain Smiles Cripsy Happy Potatoes",3
"McCain Veggie Burger Patty",3
"McCain Veggie Fingers",3
"Whiskas Wet  Meal (Adult - Cat Food)  Chicken in Gravy",3
"McCain Chilli Garlic Potato Bites Crunchy Potato Nuggets",3
"Veeba Eggless Mayonnaise",3
"Veeba Pasta And Pizza Sauce",3
"Unibic Almond & Oats Protein Bar",3
"McCain French Fries",3
"Ching's Secret Manchow Instant Soup",3
"McCain Potato Cheese Shotz",3
"McCain Masala - Fries",3
"Ching's Secret Schezwan Fried Rice Masala",3
"McCain Chilli Cheesy Nuggets",3
"Whiskas Adult (+1 Year) Dry Cat Food, Ocean Fish Flavour",3
"Chings Instant Soup - Hot & Sour",3
"Amul Spray Infant Milk Food",3
"McCain Smiles - Pudina Chatka",3
"McCain French Fries Crisp & Delicious",3
"Ferrero Nutella Hazelnut Spread",3
"Lijjat Garlic Papad",3
"Switz Samosa Dough Sheets",3
"Maggi Imli Sauce Pichkoo",3
"Whiskas Kitten (2-12 months) Dry Cat Food Food Ocean Fish",3
"Chings Instant Soup - Sweet Corn Veg",3
"Whiskas Wet  Meal (Kitten - Cat Food)  Chicken in Gravy",3
"McCain Crazy Fries Masala MixHot 'n' Tangy",3
"The Whole Truth Double Cocoa Protein Bar No Sugar",3
"Amul Happy Treats French Fries",3
"Ferrero Nutella Hazeulnut Spread",3
"Veeba Chipolte Southwest Dressing",3
"Ching's Secret Manchow Noodles Instant Soup",3
"Yoga Bar Breakfast Protein Bar - Blueberry Pie",3
"The Whole Truth Mini Protein Bar - Coconut Cocoa No Added Sugar",3
"Switz Spring Roll Dough Sheets",3
"Unibic Fruit & Nut Real Cranberries & Almonds Protein Bar",3
"Ching's Secret Tomato Instant Soup",3
"Kellogg's Crunchy Fruit & Nut Breakfast Cereals Muesli",3
"Ching's Secret Chilli Vinegar",3
"Ching's Red Chilli Sauce",3
"The Whole Truth Cranberry Mini Protein Bar No Sugar",3
"The Whole Truth Mini Protein Bar - Coffee Cocoa No Added Sugar",3
"Maggi Hot & Sweet Tomato Chilli Sauce",3
"Sunfeast YiPPee! Noodles - Magic Masala",3
"Veeba Cheese and Chilli Sandwich Spread",3
"The Whole Truth Peanut Cocoa Mini Protein Bar No Sugar ",3
"Gits Pav Bhaji Ready to Eat",3
"Lijjat Udad Mini Papad",3
"McCain Herb & Garlic Crazy Fries Masala Mix ",3
"Yoga Bar Multigrain Energy Bar Nuts And Seeds",3
"Ching's Secret Sauce, Green Chilli",3
"Veeba Pizza Topping",3
"Switz Paratha Puff",3
"New Kellogg's Muesli with 21% Fruit, Nut & Seeds",3
"The Whole Truth Double Cocoa Mini Protein Bar No Sugar",3
"Sunfeast Yippee Tricolor Pasta Seasoning",3
"Wingreens Cheesy Chipotle Sauce",3
"Maggi Rich Tomato Ketchup",3
"The Whole Truth Vegan Almond Choco Fudge Energy Bar No Sugar",3
"MTR Upma",3
"The Whole Truth Cranberry Protein Bar No Sugar",3
"Veeba English Mustard",3
"Yoga Bar Breakfast Muesli - Almond Caramel (No Added Sugar)",3
"The Whole Truth Mini Protein Bar - Peanut Butter No Added Sugar",3
"ITC Master Chef Crispy Chicken Fries ",3
"Kelloggs Corn Flakes",3
"Smith & Jones White Pasta Sauce Mix",3
"Mothers Recipe Tamrind Date Chutney ",3
"Veeba Mint Mayonnaise",3
"Mccain Emotibites - Crispy Happy Potato Snack",3
"The Whole Truth Energy Bar Choco Cranberry Fudge",3
"Mother's Recipe Mixed Pickle",3
"The Whole Truth Peanut Cocoa Protein Bar No Sugar",3
"Yoga Bar Breakfast Muesli - Chocolate & Cranberry ",3
"Veeba Sweet Onion Sauce",3
"Yogabar No Added Sugar Protein Bar Brownie",3
"Bambino Popular Vermicelli ",3
"Ching's Secret Mix Veg Instant Soup",3
"Mother's Recipe Pickle - Red Stuffed Chilli",3
"Kellogg's No Added Sugar Muesli",3
"Veeba Salsa Dip",3
"Veeba Thousand Island Dressing",3
"Baggry's Crunchy Muesli Almond Raisins & Honey",3
"Knorr Chinese Hot And Sour Veg Soup",3
"Kissan Pineapple Jam",3
"Nestle Nestle Nan Pro Follow-Up Formula",3
"McCain Super Wedges",3
"Kellogg's Crunchy Granola Honey, Almonds, Strawberries & Pumpkin Seeds",3
"Ching's Secret Just Soak - Whole Wheat Veg Hakka Noodle",3
"The Whole Truth Vegan Fig Apricot & Orange Energy Bar No Sugar",3
"ITC Master Chef Classic Aloo Tikki",3
"Smith & Jones Pink Pasta Sauce Mix",3
"Wingreens Farms Chipotle Dip",3
"Kellogg's Crunchy Granola Chocolate & Almonds",3
"Cornitos Cornitos Taco Shells - 6 Inches",3
"Ching's Secret Singapore Curry Instant Noodles",3
"Pedigree Dentastix  Dog Treat Oral Care for Adult Medium Breed ",3
"Maggi Hot & Sweet - Tomato Chilli Sauce",3
"Ching's Secret Asian Hot Instant Soup",3
"Kellogg’s Chocos Protein And Fibre Of 1 Roti",3
"Chings Secret Manchurian Instant Noodle",3
"Kellogg's Almonds And Cranberries Granola",3
"Nestle Ceregrow Multigrain Cereal with Milk and Fruits - 3 to 6 years",3
"MTR 3 Minute Breakfast - Magic Masala Upma",3
"Knorr Classic Tomato Soup With 100% Real Vegetabls, No Added Preservatives",3
"Kellogg's Corn Flakes",3
"Kelloggs Chocos",3
"Ching's Secret Lemon Coriander Instant Soup",3
"Nestle Cerelac Baby Cereal With Milk Wheat-Rice Mixed Fruit",3
"Kelloggs Chocos - Moons & Stars",3
"ITC Master Chef Chicken Galouti Kebab",3
"Kitchens Of India Palak Paneer",3
"Kelloggs Chocos Fills Double Chocolat",3
"Soulfull Ragi Bites Choco Fills",3
"Figaro Sliced Black Olive ",3
"Veeba Barbeque Sauce",3
"The Whole Truth Vegan Mocha Almond Fudge Energy Bar No Sugar",3
"The Whole Truth - Nuts, Fruits & Seeds Muesli",3
"Kelloggs Special K",3
"Moi Soi Sichuan Chilli Oil- For Stir Fry Marinade Spread & Dip",3
"Mother's Recipe Madras Appalam",3
"Top Ramen Masala Oat Masala",3
"Kitchens Of India Chicken Chettinad",3
"Nestle Cerelac Wheat - Stage 1",3
"Sumeru Aloo Paratha",3
"ITC Master Chef Veggie Pizza Pocket",3
"Wingreens Farms Tangy Cheese Pita Chips & Mexican Salsa Dip",3
"Ching's Secret Manchow Soup",3
"Veeba Carrot & Cucumber Sandwich Spread",3
"Kitchens Of India Mughlai Paneer",3
"Ching's Secret Chowmein Hakka Noodles Masala",3
"Mother's Recipe Bhel Puri Chutney",3
"Kelloggs Chocos Moon & Stars",3
"Mother's Recipe Lime Pickle ",3
"Pantai Light Soy Sauce",3
"Ching's Secret Sweet Corn Soup",3
"Cantina Tortilla Dip Sauce Sour Creamy Tex Mex",3
"Dabur Hommade - Rajasthan Ki Garlic Chutne",3
"MTR Seviyan Vermicelli ",3
"Pantai Oyster Sauce",3
"MTR Ready To Eat Paneer Butter Masala",3
"Nestle Lactogen Stage 2 Follow-up Formula Powder",3
"Kellogg's Crunchy Bites Chocos",3
"Veeba Hot Sweet Tomato Chilli Sauce",3
"ITC Master Chef Chicken Seekh Kabab",3
"Del Monte Pizza & Pasta Sauce Spout Pack",3
"Pantai Sriracha Red Chilli Sauce",3
"Hershey's Cocoa Spread",3
"Maggi Ghee Tadka Upma Express Pouch",3
"Ching's Secret Manchurian Noodles",3
"Kellogg's All Bran Wheat Flakes",3
"Bagrrys Muesli Crunchy Fruit & Nut With Cranberries",3
"Prasuma Momos -  Cheesy Spicy Veg",3
"Veeba Sriracha Chilli Garlic Sauce",3
"Moi Soi Kung Pao Sauce - For Stir Fry Marinade Spread & Dip",3
"Figaro Plain Green Olive ",3
"Mother's Recipe Gujrati Gorkeri Pickle",3
"Kellogg's Muesli 20% Nuts Delight",3
"Nestle Nan Pro 4 Follow Up Formula Powder For Older Infants ",3
"Veeba Truly Tomato Ketchup",3
"Mother's Recipe Punjabi Teekha Mang Pickle",3
"Ching's Secret Hot Garlic Instant Noodles",3
"Kellogg's Real Honey Corn Flakes",3
"ITC Master Chef Lebanese Falafel Kebab",3
"Kelloggs Chocos Fills Double Chocolaty",3
"Organic India Apple Cider Vinegar",3
"Ching's Secret  Noodles - Pad Thai Lemongras",3
"Bagrrys Fruit and Nut Muesli with Cranberries",3
"Kitchens Of India Yellow Dal Tadka",3
"Soulfull Vanilla Fills - Ragi Bites",3
"Pantai Teriyaki Sauce with Garlic",3
"Whiskas Adult Pocket Tuna Cat Food",3
"Kitchens Of India Chicken Darbari ",3
"Soulfull Millet Muesli Fruit & Nut Almonds & Real Fruits",3
"Smith & Jones Red Pasta Sauce Mix",3
"Kellogg's Muesli Nuts Delight",3
"Remia Mayonnaise",3
"Bagrrys Fruit N Fibre Muesli - Strawberry",3
"Ching's Secret Tomato Oats Instant Soup",3
"Moi Soi  Black Bean Sauce - Dip Spread Stir Fry & Marinade",3
"Tong Garden Wasabi Green Peas",3
"Ching's Secret Red Chilli Sauce",3
"Ching's Instant Hot and Sour Soup",3
"Ching's Secret Noodles - Pad Thai Original",3
"Aashirvaad Instant Meals - Khatta Meetha Pohaa With Millets",3
"Del Monte Black Sliced Olives",3
"Kitchens Of India Murgh Methi",3
"Nestle Cerelac 5 Grains & Fruits Cereal",3
"The Whole Truth - 5 Grain Muesli No Added Sugar",3
"Ching's Secret  Pad Thai Noodles Green Curry",3
"Mother's Recipe Mango Pickle ",3
"Ching's Secret Pad Thai Noodles - Extra Hot Thai Chilli",3
"Knorr Sweet Corn Chicken Soup",3
"Ching's Secret Tomato Soup",3
"Kelloggs Muesli - With 22% Fruit Magic",3
"Dabur Hommade - Kalonji Tamatar Ki Chutney",3
"Del Monte Green Chili Sauce",3
"Pedigree Dog Food Adult Chicken & Veg",3
"Kitchens Of India Rajma Masala",3
"Kitchen Of India Ready-To-Eat Pindi Channa",3
"Figaro Pitted Black Olive ",3
"Cantina Tabasco Red Sauce",3
"Mother's Recipe Pickle - Mixed",3
"Nestle Cerelac Baby Cereal with Milk 5 Grains & Vegetables from 18 to 24 Month",3
"Pedigree Meat Jerky Adult Dog Treat Barbecued Chicken",3
"Veeba Peri Peri Sauce",3
"Pantai Sriracha Yellow Chilli Sauce",3
"Ching's Secret Just Soak - Whole Wheat Veg Hakka Noodles",3
"Pantai Spring Roll Sauce",3
"MTR Vermicelli Payasam",3
"Bagrrys Corn Flakes",3
"MTR Ready To Eat Palak Paneer ",3
"Del Monte Red Chili Sauce",3
"MTR Dal Fry",3
"Pantai Fish Sauce",3
"Ching's Secret Manchurian Instant Noodle",3
"Remia Salad Italian Dressing ",3
"Yummiez Veg Cheese Fingers Pouch",3
"MTR Dal Makhani",3
"MTR Ready to Eat Pav Bhaji",3
"Nestlé CERELAC Baby Cereal with Milk",3
"Remia Salad Caesar Dressing",3
"Bagrrys Fruit N Fibre Muesli Mixed Fruit",3
"MTR Paneer Butter Masala & Veg Pulao",3
"Sundrop Cocoa Nut Hazelnut Chocolatey Spread",3
"Moi Soi Manchurian Sauce - For Stir Fry Marinade Spread & Dip",3
"Pedigree Dog Food Adult Meat & Rice",3
"Pantai Sriracha Green Chilli Sauce",3
"Pantai Chilli Garlic Sauce",3
"Pantai Dark Soy Sauce",3
"Cantina Tabasco Green Sauce",3
"Pantai Pad Thai Sauce (Non-Veg)",3
"Pantai Sweet Chilli Sauce",3
"Ching's Secret Schezwan Instant Noodle",3
"Pediasure Premium Chocolate Powdered Health Drink",3
"Chings Secret Hot Garlic Instant Noodles",3
"Godrej Yummiez Cheese Corn Nuggets ",3
"Pantai Hot Chilli Sauce",3
"Knorr International Mexican Tomato Corn Soup ",3
"Bagrry's Fruit Fibre Muesli Mixed Fruit ",3
"Kurkure Green Chutney, Rajasthani Style",3
"Kellogg's Chocos Combo Pack",3
"Kissan Mixed Fruit Jam ",3
"Lijjat Urad Papad",3
"Mother's Recipe Ginger And Garlic Paste",3
"Maggi Magic Cubes Chicken",3
"Pedigree Puppy Chicken Chunks in Gravy ",3
"Lijjat Moong Papad",3
"Mothers Recipe Papad - Sabudana With Rock Salt",3
"Veeba Favourites Eggless Burger Mayonnaise",3
"Kelloggs Corn Flakes With Real Strawberry Pure",3
"Mother's Recipe Potato Papad",3
"Mothers Recipe Rice Papad Ajwain",3
"Dabur Hommade - Imli Sauce Saunth",3
"MTR Vegetable Upma",3
"Del Monte Original Blend Tomato Ketchup Pouch",3
"Del Monte Natural Vinegar ",3
"Del Monte Eggless Mayo",3
"ITC Master Chef Cheesy Corn Triangles",3
"Mother's Recipe Mixed Pickle ",3
"Hershey's Cocoa + Almond Spread",3
"Del Monte Schezwan Sauce",3
"Yummiez American Sweet Corn",3
"Dr Oetker Cucumber & Carrot Sandwich Spread Veg",3
"Del Monte Pitted Green Olives",3
"Britannia Good Day Cashew Cookies",3
"Britannia Toastea Premium Bake Rusk",3
"Lotte Choco Pie ",3
"Parle Hide & Seek Choco Rolls",3
"Dettol Original Germ Protection Alcohol Based Hand Sanitizer",3
"Veet Sensitive Skin Hair Removal Cream",3
"Dettol Hand Sanitizer",3
"Stayfree Secure Dry Cover Regular Sanitary Pad With Wings",3
"Veet Hair Removal Cream Dry Skin",3
"Whisper Ultra Clean Wings XL+  Pouch",3
"Stayfree Dry Max All Night XL Dry Cover Sanitary Pads",3
"Veet Full Body Waxing Kit For Dry Skin",3
"Whisper Ultra Soft Air Fresh Sanitary Pads (XL) with Wings",3
"Whisper Choice Ultra XL Sanitary Pad",3
"Dettol Clinical Strength Hand Sanitizer Liquid",3
"Stayfree Dry-Max All Night Ultra-Dry Sanitary Pad",3
"Whisper Choice Regular Wing Sanitary Pad",3
"Whisper Daily Liners Clean and Fresh",3
"Stayfree Advanced XL Ultra Comfort Sanitary napkins with Wings",3
"Veet Hair Removal Cream (Normal Skin)",3
"Stayfree Secure XL Size Sanitary Napkins",3
"Bombay Shaving Company Sensitive Cartridges",3
"Stayfree Secure Cottony Soft Cover Sanitary Pad (Regular) with Wings",3
"Whisper Bindazzz Nights XL + Sanitary Pad",3
"Whisper Choice Sanitary Pad ",3
"Gillette Venus Close & Clean Razor ",3
"Stayfree Secure Dry Cover Extra Large Sanitary Pad",3
"Whisper Bindazzz Night Sanitary Pads XL Plus",3
"Ariel Matic Liquid Detergent Front Load",3
Onion,2
Potato,2
Beetroot,2
Carrot,2
"Tata Salt",2
"Fortune Sunlite Refined Sunflower (Pouch)",2
"Aashirvaad Superior MP Atta",2
"Tata Salt Lite",2
"Saffola Gold Oil (Pouch)",2
"Fortune Sunlite Refined Sunflower (Jar)",2
"Fortune Rice Bran (Pouch)",2
"Saffola Active Oil",2
"Aashirvaad Atta",2
"Amul Ghee (Tin)",2
"Popular Essentials Pure Jaggery",2
"Aashirvaad Multigrain Atta",2
"Popular Essentials Sunflower Seeds",2
"Tata Sampann kabuli chana",2
"Dhara Groundnut Oil (Pouch)",2
"Dhara Health Refined Sun Flower Oil Jar",2
"24 Mantra Organic Jaggery Powder",2
"Tata Sampann High Protien Kabuli Chana",2
"Dhara Kachi Ghani Mustard Oil Jar",2
"Gowardhan Ghee/Tuppa Jar",2
"Tata Sampann Unpolished Moong Dal ",2
"Aashirvaad Select Atta",2
"Popular Essentials Misri Dana (Diamond Sugar) ",2
"Gowardhan Ghee Jar",2
"Fortune Kachi Ghani Mustard Oil Bottle",2
"Satyam Puffed Rice Kurmura (R)",2
"Aashirvaad Select Sharbati Atta",2
"Gowardhan Cow Ghee Pouch",2
"Dhara Nourish Refined Sunflower Oil Pouch",2
"Parachute Oil ",2
"Popular Essentials Plain Puffed Rice (Murmura/Muri)",2
"Saffola Gold (Jar)",2
"Fortune Rice Bran Health Oil (Jar)",2
"Fortune Rozana Basmati Rice",2
"Fortune Biriyani Special Basmati Rice",2
"Popular Essentials Pumpkin Seeds",2
"Fortune Soya Health Refined Soybean Oil",2
"Gowardhan Pure Ghee Pouch",2
"Popular Essentials Jeera/Cumin Seeds",2
"Weikfield Baking Soda",2
"Tata Sampann Unpolished Chana Dal",2
"Amul Mithai Mate EOE Tin",2
"Dhara Life Refined Ricebran Oil (Pouch)",2
"Borges Extra Virgin Olive Oil",2
"Everest Tikhalal Chilli Powder",2
"Popular Essentials Kabuli Chana Regular",2
"Popular Essentials Saunf/Fennel Seeds",2
"Popular Essentials Bansi Sooji",2
"Happilo Premium International Queen Kalmi Dates",2
"Tata Sampann Unpolished Urad Whole",2
"Popular Essentials Cashew Split",2
"Popular Essentials Chana Dal (Un-Polished)",2
"Tata Sampann Unpolished Rajma (Chitra)",2
"24 Mantra Organic Cumin",2
"Nestle Milkmaid",2
"Popular Essentials Sona Masouri Steam Rice",2
"24 Mantra Organic Tur Dal",2
"Gits Gulab Jamun Instant Dessert Mix",2
"Popular Essentials Black Masoor Whole (Un-Polished)",2
"24 Mantra Organic Peanuts",2
"Everest Hingraj Powder",2
"Everest Black Pepper Powder",2
"Tata Sampann Masoor Dal Stand",2
"24 Mantra Organic Besan",2
"Saffola Gold Refined Cooking Oil (Jar)",2
"24 Mantra Organic Red Poha",2
"Everest Powder - Tea Masala",2
"Tata Sampann Urad Dal Split",2
"Popular Essentials Idli Sooji ",2
"Popular Essentials Dessicated Coconut",2
"Satyam Khobra",2
"24 Mantra Organic Green Moong Dal - Split",2
"Weikfield Vanilla Flavoured Custard Powder",2
"Tata Sampann Moong Dal Split",2
"Saffola Soya Chunks Mealmaker",2
"24 Mantra Bura Sugar (Demerara)",2
"Popular Essentials Green Cardamom (Elaichi)",2
"Hershey's Syrup Delicious Strawberry",2
"Popular Essentials Anjeer",2
"Popular Essentials Mustard Seeds Rai Small",2
"Dabur Honey Squeezy",2
"Tata Sampann High Protein Kali Urad",2
"TilSona Til Oil",2
"Everest Chaat Masala",2
"Keya Wonder Red Hot Chilli Flakes",2
"Popular Essentials White Peas (Un-Polished)",2
"Hershey's Caramel Syrup",2
"Pillsbury Multi Grain Atta",2
"Satyam Puffed Rice Kurmura (A)",2
"Hershey's Chocolate Flavour Syrup",2
"Popular Essentials Dhania (Coriander Seeds)",2
"24 Mantra Red Chilly Whole",2
"Dabur Honey - World's No.1",2
"24 Mantra Organic Puffed Rice",2
"24 Mantra Organic Wheat Daliya ",2
"24 Mantra Organic Ragi Flour",2
"Popular Essentials Cinnamon Whole (Dalchini)",2
"Sundrop Super Lite Advanced - Sunflower Oil",2
"Popular Essentials Green Moong Chilka/Chilka (Un-Polished)",2
"Popular Essentials Black Urad Split",2
"Keya Oregano",2
"Popular Essentials Pink Rajma",2
"Everest Shahi Paneer Masala",2
"Flying Bird Vanilla Essence",2
"Everest Sabji Masala",2
"Cornitos Cornitos Taco Shells - 4 Inches",2
"Everest Rajma Masala",2
"Popular Essentials White Til",2
"Amul Dark Compound Chocolate Slab",2
"Mothers Recipe Papad Chana Masala",2
"Amul Milk Compound Chocolate Slab",2
"Popular Essentials Methi Seeds",2
"Cadbury Hot Chocolate",2
"Dabur Keora water - Authentic flavour for Biryani's and Desserts",2
"Popular Essentials Black Cardamom/Elaichi ",2
"Popular Essentials Idli Rice",2
"Everest Chole Masala",2
"Popular Essentials Cooking Soda",2
"RRO Primio Refined Groundnut Oil Pet Bottle",2
"Everest Pani Puri Masala",2
"Ching's Veg Manchurian Masala",2
"24 Mantra Organic Jowar Flour",2
"Maggi Coconut Milkpowder",2
"On1y Pepper Grinder",2
"Popular Essentials Rice Flour",2
"24 Mantra Organic Brown Sona Masoori Rice",2
"Happilo Premium Afghani Anjeer",2
"Popular Essentials Chiroti Sooji",2
"Popular Essentials Red Rajma",2
"Cornitos Peanut - Premium Salted ",2
"Popular Essentials Black Pepper",2
"24 Mantra Organic Tur Dal - Split",2
"Ching's Secret Paneer Chilli Masala",2
"Dabur Honey ",2
"Everest Tea Masala",2
"Ching's Paneer Chilli Masala",2
"Pillsbury Atta With Multigrains Wheat Grains",2
"Popular Essentials Cloves (Lavang)",2
"Suhana Paneer Tikka Masala Mix",2
"24 Mantra Turmeric Powder",2
"24 Mantra Super Grain Quinoa",2
"Popular Essentials Pe Shah Jeera ",2
"24 Mantra Organic Sattu Atta",2
"Weikfield Vanilla Custard Powder",2
"Sugarfree Natura Low Calorie Sweetner ",2
"Pillsbury Vanilla Custard Powder",2
"24 Mantra Organic Rajma",2
"Popular Essentials Broken Wheat/Daliya",2
"Smith & Jones Peri Peri Masala",2
"Popular Essentials Urad Dal Split (Un-Polished)",2
"Popular Essentials Bajra Whole",2
"Weikfield Veg Jelly Crystals - Strawberry",2
"Weikfield Veg Jelly Crystals - Raspberry",2
"Popular Essentials Masoor Dal Split (Un-Polished)",2
"Popular Essentials Pista Salted (With Shell)",2
"The Bake Shop Bread Crumbs",2
"Popular Essentials Horse Gram",2
"Hershey's Chocolate Syrup",2
"Everest Kasuri Methi",2
"Satyam Makhana",2
"Weikfield Falooda Mix - Kesar Pista",2
"Weikfield Cocoa Powder",2
"Popular Essentials Coriander Seeds",2
"Oleev Smart Oil Fortified with VIT A, D, E & K (Pouch)",2
"Everest Dry Ginger Powder",2
"Pillsbury Cooker Cake Mix - Choco",2
"Hersheys Chocolate Almond Syrup",2
"Satyam Nighties Spices  Chilli Pandi",2
"Popular Essentials Popular Essential Pista Salted (With Shell)",2
"Popular Essentials Rozana Sona Masuri Raw Rice",2
"24 Mantra Mustard Oil (Cold Pressed) ",2
"24 Mantra Organic Black Pepper",2
"Popular Essentials Green Moong Whole",2
"24 Mantra Organic Masoor Dal - Split",2
"Praakritik Organic Natural Rock Salt",2
"24 Mantra Sunflower Oil (Cold Pressed) Pet Bottle",2
"Dabur 100% Pure Honey - Worlds No.1",2
"Popular Essentials Star Anise",2
"Ching's Secret Chicken 65 Masala - Chicken",2
"Cadbury Cocoa Powder",2
"Praakritik Natural Desi Gir Cow A2 Ghee",2
"Praakritik Organic Poha",2
"Praakritik Organic Natural Wild Forest Honey",2
"Popular Essentials Dry Dates (Kharak)",2
"Popular Essentials Kashmiri Red Rajma",2
"Dabur Hommade - Garlic Paste",2
"Dabur 100% Pure Honey",2
"Ching's Schezwan Fried Rice(Miracle Masala)",2
"Popular Essentials Red Poha",2
"Pillsbury Oven Cake Mix - Rich Chocolate",2
"Eastern Super Garam Masala",2
"Satyam Nighties Spices  Chilli Kashmiri",2
"Eastern Cumin Powder",2
"Popular Essentials Urad Gola White(Un-Polished)",2
"24 Mantra Organic Chana Dal",2
"Delight Nuts Cashew Roasted & Salted",2
"Popular Essentials Mace/Javitri",2
"Mother's Recipe Paste Ginger & Garlic",2
"24 Mantra Groundnut Oil (Cold Pressed) Pet Bottle",2
"Satyam Pulses Masur Dal",2
"Delight Nuts Pista Roasted & Salted",2
"Hershey's Cocoa Powder",2
"Praakritik Organic Singhara Atta",2
"Gits Veg Biryani Ready to Eat",2
"Delight Nuts Cranberries Sliced ",2
"Popular Essentials Sattu Atta",2
"Popular Essentials Mustard Seeds Rai Yellow",2
"Praakritik Organic Extra Virgin Coconut Oil",2
"Praakritik Organic Garlic Powder",2
"Aashirvaad Breakfast Instant Mix - Rice Idli",2
"Kitchens Of India Mutter Paneer",2
"Ching's Secret Veg Manchurian Masala",2
"Popular Essentials Jowa Flour",2
"Popular Essentials Black Til",2
"Popular Essentials Pancharatna Dal",2
"Saffola 100% Pure Honey",2
"Popular Essentials Tamarind",2
"Gits Rice Dosa Instant Breakfast Mix",2
"Popular Essentials Poppy Seeds (Gasagase)",2
"Hershey's Hot Chocolate Powder",2
"Satyam Chilli  Bedgi",2
"Aashirvaad Instant Mix - Rice Dosa",2
"Hershey's Cocoa - Natural Unsweetened",2
"Weikfield Veg Jelly Crystals - Mango",2
"Praakritik Orrganic Cold Pressed Sesame Oil",2
"ITC Master Chef Hyderabadi Biryani",2
"Flying Bird Butter Scotch Essence",2
"Dabur Hommade - Ginger Paste",2
"Popular Essentials Green Peas (Un-Polished)",2
"24 Mantra Organic Urad White Whole",2
"Popular Essentials Guntur Chilli Stemless",2
"Popular Essentials Moth Whole",2
"Keya Pizza Seasoning",2
"Keya Piri Piri | Exotic Spices Mix",2
"24 Mantra Organic Moong Dal",2
"Betty Crocker French Vanilla Cake Mix",2
"Delight Nuts Dried Cranberries ",2
"Tong Garden Salted Cocktail Nuts",2
"MTR Uttapam Mix",2
"Gits Khaman Dhokla Instant Snack Mix",2
"Happilo Premium 100% Natural Whole Cashews",2
"Everest Dry Mango Powder",2
"Dabur Hommade - Ginger Garlic Past Tub",2
"Gits Medu Vada Instant Snack Mix",2
"Weikfield Drinking Chocolate Powder",2
"Popular Essentials Regular White Lobia",2
"Puro Healthy Salt Crystal",2
"Popular Essentials Premium Jeera Rice",2
"Smith & Jones Shahi Paneer Masala Mix",2
"Betty Crocker Mug Treats - Chocolate Mix - Pack of 4",2
"Catch Black Pepper Sprinkler",2
"Weikfield Cooker Cake Mix - Chocolate",2
"ITC Master Chef Butter Chicken",2
"Smith & Jones Mutter Paneer Masala",2
"Popular Essentials Fried Gram (Bengal Gram)",2
"Gits Jalebi with Maker Dessert Mix",2
"Popular Essentials Soya Beans ",2
"24 Mantra Organic Roasted Bengal Gram Dal",2
"Keya Italian Seasoning",2
"MTR Idli/Dosa/Chilly Chutney Powder",2
"Delight Nuts Trail Mix ",2
"Praakritik Organic Chilka Moong Dal",2
"Smith & Jones Garlic & Herbs Masala Mix",2
"Eastern Tamarind",2
"Tong Garden Wasabi Coated Greenpeas Tin",2
"Flying Bird Pineapple Artifical Food Essence",2
"Praakritik Organic Masoor Dal",2
"Popular Essentials Classic Sona Masuri Rice",2
"Popular Essentials Salted Murmure ",2
"Oleev Active Oil (Pouch)",2
"Delight Nuts Dried Blueberries ",2
"Popular Essentials Double Beans White",2
"Delight Nuts Almond Natural ",2
"Praakritik Organic Jaggery",2
"Praakritik Organic Raw Sugar",2
"MTR Masala - Sambar Powder",2
"ITC Master Chef Vegetable Biryani Cooking Paste",2
"Jivana Jaggery",2
"Praakritik Organic Besan",2
"MTR Instant Gulab Jamun Mix",2
"On1y Mixed Herbs",2
"Popular Essentials Urad Gola Black (Un-Polished)",2
"Gits Dessert Mix China Grass Bombay Halwa",2
"Praakritik Organic Basmati Rice",2
"Borges Canola Oil Pet Bottle",2
"Suhana Biryani Masala",2
"On1y Black Salt Grinder",2
"Popular Essentials Nylon Til",2
"Pillsbury Rich Choco Oven Cake Mix - Egg Free",2
"Praakritik Organic Jowar Atta",2
"Epicurea Thai Jasmine Rice",2
"RRO Primio Refined Groundnut (Jar)",2
"Praakritik Organic Tuvar Dal",2
"Pillsbury Oven Cake Mix - Vanilla",2
"Hershey's Chocolate Milk Booster",2
"Popular Essentials Byadagi Chilli Stemless",2
"Praakritik Organic Yellow Moon Dal",2
"24 Mantra Sona Masuri Brown Rice",2
"24 Mantra Organic Pancharatna Dal - Split",2
"24 Mantra Organic Cumin Powder",2
"Popular Essentials Samba Broken Wheat",2
"Betty Crocker Chocolate Fudge Cake Mix",2
"Borges Extra Light Olive Oil Bottle ",2
"Flying Bird Premium Orange Artificial Food Essence",2
"Popular Essentials Red Cherry/Gundu Chilli",2
"Super Saver Kolam Rice Sortex Clean ",2
"Flying Bird Food Essence - Kewra",2
"MTR Vada Breakfast",2
"On1y Pasta Seasoning",2
"Praakritik Organic Indrayani Rice",2
"On1y Pizza Seasoning",2
"Aashirvaad Svasti Cow Ghee Tetra Pack",2
"Weikfield Cooker Cake Mix - Vanilla",2
"Praakritik Organic Kapli Wheat Atta",2
"Epicurea Sushi Rice",2
"Sugarfree Natural Green Stevia Leaves Zero Calorie",2
"Smith & Jones Italian Spices Masala Mix",2
"Satyam Nighties Spices  Chilli Bore",2
"Weikfield Veg Jelly Crystals - Orange",2
"On1y Sea Salt Grinder",2
"Delight Nuts Berries Mix ",2
"Praakritik Organic Ginger Powder",2
"Suhana Mutton Gravy Mix",2
"On1y Salad Seasoning Grinder",2
"Figaro Pure Olive Oil",2
"Madhur Sugar",2
"Madhur Pure And Hygienic Sugar",2
"Satyam Poha Jada",2
"Aashirvaad Superior MP Whole Wheat Atta",2
"Maggi Masala Ae Magic",2
"Aashirvaad Iodised Salt ",2
"Popular Essentials Phool Makhana (Jumbo Size)",2
"Aashirvaad Atta With Mutigrains",2
"Tata Sampann Poha",2
"Fortune Besan Flour",2
"Everest Tikhalal Hot & Red Chilly Powder",2
"Popular Essentials Chia Seeds",2
"Tata Sampann Unpolished Toor Dal/Arhar Dal",2
"Satyam Thin Poha Patla",2
"Popular Essentials Sona Masouri Raw Rice",2
"Tata Sampann High Protien Chana Dal - Split",2
"Satyam Singdana ",2
"Tata Sampann Moong Chilka ",2
"Tata Sampann High Protien Toor Dal - Split",2
"Everest Chat Masala",2
"Popular Essentials Black Brown Chana (Un-Polished)",2
"Everest Kashmiri Lal Chilli Powder",2
"Popular Essentials Black Raisins Seedless",2
"Daawat Rozana Super Basmati Rice",2
"Everest Cumin Powder (Jeera)",2
"Everest Sambhar Masala",2
"Popular Essentials Mustard Seeds Rai Big",2
"Patanjali Cow's Ghee",2
"Everest Amchur Powder",2
"Daawat Super Basmati Rice",2
"Popular Essentials Sabudana",2
"Popular Essentials Brown Sugar",2
"Tata Tea Gold",2
"Daawat Rozana Gold Basmati Rice",2
"Everest Turmeric Powder",2
"Popular Essentials Buckwheat Flour (Kuttu Atta)",2
"Keya Italian Pizza Oregano",2
"India Gate Basmati Rice",2
"24 Mantra Organic Whole Wheat Atta",2
"Sugarlite 50% Less Calories Sugar Pouch",2
"Popular Essentials Sabja/Basil Seeds",2
"Patanjali Pure Honey",2
"Weikfield Falooda Mix - Mango",2
"Pro Nature Organic Sonamasoori Brown Rice",2
"Everest Saffron Kesar",2
"Mother Dairy Toned Milk Pouch",2
"Mother Dairy Classic Curd",2
"Mother Dairy Ultra Full Cream Milk",2
"Britannia Sandwich White Bread",2
"iD Curd Pouch",2
"Britannia 100% Whole Wheat Bread",2
"Britannia Healthy Slice Sandwich Bread",2
"Gowardhan Classic Block Fresh Paneer",2
"Amul Processed Cheese Cubes",2
"Britannia Pav",2
"Amul Frozen Malai Paneer",2
"iD Natural Paneer",2
"Britannia Fruit Bun",2
"Amul Cheese - Processed Slices",2
"iD Curd Cup",2
"The Bake Shop Premium White Sandwich Bread",2
"Britannia Multigrain Bread ",2
"Amul Processed Cheese Block",2
"Epigamia Misti Doi",2
"Amul Cheese - Block",2
"Amul Butter - Pasteurised (School Pack)",2
"Britannia Brown Bread ",2
"Epigamia Natural Greek Yogurt",2
"The Bake Shop Pizza Base",2
"Bio Nutrients Pure Diet Tofu Gold ",2
"Amul Cheese - Pepper",2
"The Bake Shop Foot Long",2
"Amul Cheese Sauce Mexican Salsa",2
"Amul Pizza Cheese Processed",2
"Go Cheese Slice - Plain",2
"RRO Sour Cream",2
"D'lecta Natural Feta Cheese Block",2
"Go Cheese Processed Angles Plain",2
"Epigamia Greek Yogurt - Natural",2
"Amul Unsalted Cooking Butter",2
"The Laughing Cow Cheese Slices",2
"Epigamia Almond Milk Unsweetened Dairy Free",2
"So Good Almond Milk - Natural Unsweetened",2
"Amul Cheese Sauce Jalapeno",2
"D'lecta Cream Cheese",2
"Dlecta Natural Cheddar Slices",2
"Go Pizza Cheese",2
"RRO Cheddar Block Cheese",2
"RRO Fresh Ricotta",2
"Dlecta Cheese Cubes 2",2
"RRO Mozzarella Pizza Cheese",2
"The Laughing Cow Cheese Cubes",2
"RRO Burrata Cheese",2
"Go Cheese Processed Squares",2
"Amul Safed Makkhan",2
"Laughing Cow Cheese 8 Portion 120Gm Imported",2
"Go Processed Cheese Block",2
"Go Cheese Processed Block",2
"RRO Goat Milk Fetta Cheee",2
"RRO Mascarpone Cheese",2
"D'lecta Cheddar Cheese",2
"Dlecta Cheese Block",2
"President Butter - Salted",2
"The Laughing Cow Plain Processed Cheese Block",2
"Amul Malai Paneer Fresh ",2
"Amul Taaza Toned Homogenised Milk",2
"Amul Lactose Free Milk",2
"The Bake Shop Whole Wheat Bread",2
"Amul Slim Trim Skimmed Milk",2
"Amul Pizza Cheese - Mozzarella",2
"The Bake Shop Pizza Base Whole Wheat",2
"Nestle A+ Slim Dahi - Low Fat",2
"Britannia Cheese Garlic Bread",2
"The Bake Shop Whole Wheat Ladi Pav",2
"Britannia Atta Kulcha",2
"The Bake Shop Multi Grain Bread",2
"Nestle A+ Slim Milk",2
"Go Cheese Pizza Blend Mozzarella + Cheddar",2
"The Bake Shop Burger Buns",2
"D'lecta Shredded Mozzarella Cheese",2
"Pillsbury Pancake Mix - Funfetti",2
"Prabhat Malai Paneer Pouch",2
"RRO Mozzarella Block Cheese",2
"Britannia Good Day Pista Badam",2
"Britannia 50-50 Maska Chaska Biscuit",2
"Britannia Treat Croissant Vanilla Creme Roll",2
"Britannia Good Day Cashew Cookies Packet",2
"Britannia Milk Bikis Cream Biscuit",2
"Sunfeast Dark Fantasy Bourbon Bliss",2
"Clove Sensitive Toothpaste with Anti-Sensitivity & Fluoride Formulation",2
"Colgate Visible White Toothpaste",2
"Dettol SKincare Handwash Value Refill",2
"Savlon Herbal Sensitive Liquid Handwash Refill Pouch",2
"Colgate Total 12 Whole Mouth Protection Toothpaste",2
"Colgate Herbal Toothpaste",2
"Nivea Men Deodorant Fresh Active 48h Long lasting Freshness",2
"Colgate Max Fresh Cooling Crystals Toothpaste",2
"Indulekha Bhringa Hair Oil",2
"Colgate Sensitive Soft Bristles Toothbrush",2
"Pears Pure & Gentle Glycerin Bath Soap",2
"Vaseline Skin Protecting Jelly",2
"Dettol Original Germ Protection Bathing Soap Bar",2
"Dettol Intense Cool Soap (B4G1)",2
"Livon Anti-Frizz Serum",2
"Lifebuoy Germ Protection Care Soap Bar",2
"Godrej Nupur – 100% Pure Henna (Mehendi)",2
"Glow & Lovely Advanced Multivitamin Face Cream",2
"Set Wet Style Vertical Hold Hair Gel",2
"Godrej Expert Rich Crème, Natural Black",2
"Nycil Germ Expert Cool Herbal Talc",2
"Godrej Expert Creme Hair Natural Brown Colour ",2
"Pears Pure And Gentle Value Pack Of 3 Bathing Soap",2
"Gillette Presto Ready Shaver 5 Cartridges ",2
"Godrej Expert Rich Crème, Dark Brown",2
"Nivea Soft Light Moisturizer for Face Hand & Body Non-Sticky Cream with Vitamin E & Jojoba Oil ",2
"Fiama Gel Bar Celebration Pack Buy 4 Get 1 Free",2
"Gillette Sensitive Shaving Foam",2
"Gillette Mach 3 Mens Razor Blades",2
"Palmolive Aroma Absolute Relax Shower Gel",2
"Godrej Protekt Germ Fighter Handwash",2
"Dabur Amla Hair Oil",2
"Dettol Original Liquid Handwash",2
"L'Oreal Paris Total Repair 5 Conditioner",2
"Patanjali Saundarya Aloe Vera Gel",2
"Head & Shoulders 2 In 1 Anti Dandruff Shampoo Conditioner ",2
"Clean & Clear Pimple Clearing Face Wash",2
"Dove Intense Repair Conditioner",2
"Dabur Gulabari Rose Glow Face Cleanse",2
"Parachute Jasmine Hair Oil",2
"Dettol Skincare Liquid Hand Wash",2
"Old Spice Original Lather Shaving Cream",2
"L'Oreal Paris Total Repair 5 Shampoo",2
"Fiama Menthol & Magnolia Cooling Gel Bar Soap",2
"Nivea Lip Balm Original Care for 24h Moisture with Shea Butter & Natural Oils",2
"Oral-B Charcoal Deep Clean Stain Removal Toothbrush Soft",2
"Neutrogena Ultra Sheer Dry Touch SPF 50+ Sunblock Sunscreen Lotion",2
"Clinic Plus Strong & Long Health Shampoo",2
"Johnson's Baby No More Tears Baby Shampoo",2
"Colgate Zig Zag Toothbrush",2
"Savlon Moisture Shield Germ Protection Handwash Refill (Buy 1 Get 1 Free)",2
"Colgate Sensitive Everyday Protection Anticavity Toothpaste",2
"Garnier Colour Naturals Hair Colour - 1 Natural Black",2
"Axe Pulse Men's Deodorant",2
"Colgate Zigzag Charcoal Soft Bristle Toothbrush - 4 Pcs",2
"Axe Dark Temptation Men's Deodorant",2
"Clinic Plus Strength & Shine Shampoo With Egg Protein ",2
"Engage M1 Perfume Spray for Men ",2
"Tresemme Keratin Smooth Conditioner",2
"Garnier Color Naturals Crème Hair Color, Shade 5 Light Brown",2
"Origami Aloe Vera Wipes",2
"Engage Drizzle Deodorant For Women, Floral And Lavender, Skin Friendly",2
"Gellette Presto Ready Shaver",2
"Colgate Max Fresh Plax Mouthwash - Fresh Mint",2
"Colgate Zig Zag Charcoal Medium Toothbrush 4 Pcs",2
"Godrej Protekt",2
"Colgate Total Charcoal Anticavity Toothpaste",2
"Colgate Kids 0-2 Extra Soft Tooth Brush",2
"Gillete Mach3 ",2
"Maybelline New York Colossal Kajal Black",2
"Godrej Cinthol Lime Talc",2
"Hamam Soap Bar Neem Tulsi and Aloe Vera",2
"Godrej Expert Rich Crème, Burgundy",2
"Colgate Gentle Sensitive+ Toothbrush Pack Of 4",2
"Nivea Creme All Season Multi-Purpose Cream ",2
"Oral-B Charcoal Deep Clean Stain Removal Toothbrush Medium",2
"Mamaearth 100% Natural Berry Blast Kids Toothpaste",2
"HImalaya Gentle Baby Wipes",2
"L'Oreal Paris Excellence Creme Hair Color, 1 Black",2
"Fem Fairness Naturals Saffron Skin Bleach",2
"Engage Woman Blush Body Deo Spray",2
"Dove Pink Rosa Beauty Bathinhg Bar",2
"Sebamed Cleansing Bar",2
"Pampers Premium Care Pants - Large",2
"Nivea Women Deodorant Fresh Natural Long Lasting Freshness & 48h Protection",2
"L'Oreal Paris Excellence Creme Hair Color, 3 Dark Brown/Natural Darkest Brown",2
"Patanjali Kesh Kanti Natural Hair Cleanser",2
"Pantene Advanced Control Hair Fall Solution Shampoo",2
"Gillette Lemon Lime Shaving Foam",2
"Old Spice After Shave Lotion Musk",2
"Dove Cream Beauty Bathing Bar",2
"Patanjali Kesh Kanti Shikakai Hair Cleanser",2
"L'Oreal Paris Color Protect Conditioner",2
"Nivea Men Active Clean with Active Charcoal Shower Gel for Body Face & Hair",2
"L'Oreal 6 Oil Nourish Conditioner",2
"Godrej Easy Natural Black Hair Colour",2
"Dabur Gulabari Rose Water Daily Glow",2
"Himalaya Purifying Neem Face Wash",2
"Fem Fairness Naturals Gold Skin Bleach",2
"Dove Dandruff Care Shampoo",2
"Head & Shoulders Anti Dandruff Anti Hairfall Shampoo",2
"L'Oreal Casting Creme Ebony Black Hair Color",2
"Mamaearth Onion Hair Oil",2
"L'Oreal Paris Casting Creme Gloss Hair Color (Dark Brown 400)",2
"Palmolive Naturals Sea Minerals Liquid Hand Wash",2
"Oral-B Extra Soft Bristles Sensitive ",2
"Engage M3 Perfume Spray for Men",2
"Mamaearth Deeply Nourishing wash for Babies",2
"Dettol Original Soap (B4G1)",2
"Woodward's Gripe Water",2
"MamyPoko Pants Extra Absorb Diapers, New Born",2
"Engage M4 Perfume Spray For Men",2
"Fem Fairness Naturals Hair Removal Cream Fair & Soft - Gold",2
"Dove Hair Fall Rescue Conditioner",2
"Fiama Peach & Avocado Gel Bar",2
"Pears Pure & Gentle Value Pack Of 4 Bathing Soap ",2
"Fiama Fresh Hand Wash",2
"Palmolive Black Orchid And Milk Liquid Hand Wash",2
"Oral-B Criss Cross Medium Toothbrush (Buy 2 Get 2 Free)",2
"Gillette Mach 3 Turbo Razor",2
"Head & Shoulders 2-in-1 Cool Menthol Anti Dandruff Shampoo + Conditioner",2
"Fiama Di Wills Men's Refreshing Pulse Shower Gel",2
"Sebamed Anti - Dandruff Shampoo",2
"L'Oreal Paris Excellence Creme Hair Color, 4.25 Aishwarya's Brown",2
"Himalaya Gentle Baby Bath",2
"L'Oreal Paris Casting Creme Gloss Hair Color, Medium Brown 500",2
"L'Oreal Paris Color Protect Shampoo",2
"Fiama Di Wills Lemongrass & Jojoba Gel Bar",2
"Colgate Plax Peppermint Mouthwash",2
"Patanjali Kesh Kanti Anti Dandruff Hair Cleanser",2
"Old Spice Original After Shave Lotion",2
"Comfy Baby Pants XL 12-17 kg",2
"Dettol Liquid Handwash With Free Liquid",2
"Nivea Body Milk Lotion for Very Dry Skin",2
"Lakme Sun Expert",2
"Godrej Nupur Henna",2
"Johnson's Baby Lotion",2
"Maybelline New York Colossal Kajal Super Black",2
"Godrej Easy 5 Minute Natural Brown 4 Hair Colour",2
"Colgate Sensitive Plus Enamel Toothpaste Tube",2
"Colgate Max Fresh Peppermint Toothpaste ",2
"Pond's Light Moisturiser",2
"Engage Mate For Man Deo Spray",2
"Colgate Slim Soft Charcoal Toothbrush",2
"Fiama Scents Juniper & Geranium Body Wash",2
"Mamaearth Ubtan Body Lotion",2
"Godrej Aer Power Pocket - Long Lasting Bathroom Fragrance Floral Delight",2
"Himalaya Anti-Hair Fall Shampoo",2
"Engage M2 Perfume Spray For Men",2
"Mamaearth Ubtan Face Scrub Turmeric & Walnut",2
"Himalaya Purifying Neem Face Wash Tube",2
"Johnson's Baby Top To Toe Bath Body Wash",2
"Gillette Mach 3 Start",2
"Scalpe Pro Anti dandruff Shampoo 100ml",2
"Johnson's Baby Cream",2
"L'Oreal Paris Shine Masque Royal Jelly Hair Colour",2
"Engage Rush Deodorant For Men",2
"Dettol Lather Shaving Cream",2
"Gillette Classic Regular Pre Shave Foam",2
"Johnson's Baby Shampoo",2
"Park Avenue Beer Shampoo ",2
"Pantene Advanced Hair Fall Solution Silky Smooth Care Shampoo",2
"Fem Fairness Naturals Hair Removal Cream Fair & Soft - Rose",2
"Sunsilk Stunning Black Shine Shampoo",2
"Patanjali Kesh Kanti Reetha Hair Cleanser",2
"Nivea Lip Balm Soft Rose for 24h Moisture with Natural Oils Delicate Rose Shine",2
"Santoor Total Skin Care Soap With Sandal & Turmeric",2
"L'Oreal Paris Excellence Creme Hair Color, 4 Natural Brown/Natural Dark Brown",2
"Gillette Pre Shave Foam - Classic Regular Skin",2
"Fiama Di Wills Shower Gel Patchouli & Macadamia",2
"Nivea Cocoa Nourish Body Lotion With Coconut Oil & Cocoa Butter For Very Dry Skin ",2
"Pantene Hair Fall Control Shampoo",2
"Fogg Master - Royal Intense",2
"Colgate Kids Toothpaste - 6+ Years, Strawberry Flavour",2
"Nivea Soft Moisturizing Cream",2
"Patanjali Kesh Kanti Aloe Vera Hair Cleanser",2
"Neutrogena Deep Clean Foaming Cleanser",2
"Clean & Clear Morning Energy Berry Face Wash",2
"Pampers Premium Care New Baby Pants",2
"Vaseline Intensive Care Aloe Fresh",2
"L'Oreal Paris Dream Lengths Shampoo",2
"Engage Man Rush Deodorant",2
"Himalaya Men Pimple Clear Neem Face Wash",2
"Pantene Adv Hairfall Solution Conditioner Silky Smooth",2
"Himalaya Prickly Heat Baby Powder",2
"Mamaearth Daily Moisturizing Lotion For Babies",2
"Pampers Premium Care Pants - Medium",2
"Vaseline Original Skin Protecting Jelly",2
"Fiama Lemongrass and Jojoba Shower Gel",2
"Oral-B Charcoal Cross Cross Extra Soft Toothbrush (Buy 2 Get 1 Free)",2
"Veet Full Body Waxing Kit",2
"Santoor Almond Soft With Sandal & Almond Milk",2
"Nivea Body Shea Smooth with Shea Butter for Dry Skin",2
"Neutrogena Deep Clean Facial Cleanser",2
"L'Oreal Paris Excellence Creme Hair Color, 3.16 Burgundy",2
"Bombay Shaving Company Charcoal Face Wash",2
"Colgate Kids 2+ Years Extra Soft Toothbrush",2
"L'Oreal Anti Hair Fall Conditioner",2
"Nivea Body Lotion Aloe Hydration For Normal Skin ",2
"Pampers Pants - Large",2
"Engage Urge Deodorant For Men, Citrus And Woody, Skin Friendly",2
"Head & Shoulders 2 In 1 Anti Dandruff Smooth & Silky Shampoo+Conditioner",2
"Fem Fairness Natural Gold Skin Bleach",2
"Engage Deo Frost",2
"Pampers Pants - Medium",2
"Pampers Active Baby Diapers New Born Extra Small ",2
"Nivea Creme, All Season Multi-Purpose Cream",2
"Woodwards Gripe Water ",2
"Clean & Clear Morning Energy Aqua Splash Face Wash",2
"Mamaearth Skin Correct Face Serum",2
"Chik Hairfall Prevent Egg Shampoo",2
"Pantene Silky Smooth Care Shampoo",2
"Garnier Skin Naturals, Micellar Cleansing Water",2
"Set Wet Swag Avatar Deodorant & Body Spray Perfume For Men",2
"Pampers All Round Protection Pants - Medium",2
"Set Wet Deodrant Charm Avatar",2
"Nupur Heena Mehandi",2
"Head & Shoulders 2-in-1 Active Protect Shampoo",2
"Gillette Mach 3 Turbo Cartridges",2
"Old Spice Lime Lather Shaving Cream",2
"Colgate Sensitive Plus Anticavity Toothpaste ",2
"Colgate Toothpaste For Kids Motu Oatlu",2
"Pantene Total Damage Care Shampoo",2
"Himalaya Moisturising Aloe Vera Facial Wipes",2
"Pampers Active Baby Diapers New Born Extra Small",2
"Vaseline Intensive Care Deep Moisture Body Lotion",2
"Nivea Soft Light Moisturizing Cream",2
"Palmolive Feel The Massage Shower Gel",2
"Mamaearth Moisturizing Baby Bath Soap",2
"Dove Dryness Care Shampoo",2
"Bombay Shaving Company Defender Razor",2
"Head & Shoulders Shampoo + Conditioner - 2-In-1, Cool Menthol",2
"Himalaya Baby Nourishing Massage Oil",2
"Fogg Paradise Fragrant Body Spray For Women ",2
"Revive Revive Liquid",2
"Pantene Hairfall Control Conditioner",2
"Mamaearth Vitamin C Face Toner",2
"Himalaya Diaper Rash Cream",2
"Fogg Royal Fragrance Spray",2
"Dove Pink Rosa Beauty Bathing Bar",2
"Dove Dryness Care Conditioner Frizzy & Dry Hair",2
"Dettol Original Liquid Handwash Refill",2
"Parachute 100% Pure Coconut Oil",2
"Dabur Gulabari Premium Rose Water",2
"Parachute Advansed Gold Coconut Hair Oil",2
"Sensodyne Sensitive Fresh Gel Toothpaste",2
"Godrej No.1 Bathing Soap, Jasmine",2
"Oxylife Natural Radiance 5 Creme Bleach - With Active Oxygen",2
"Clean & Clear Morning Energy Lemon Face Wash",2
"Bajaj Almond Drops Hair Oil",2
"Bajaj Almond Drops Hair Oil Bottle",2
"Godrej Cinthol Lime Refreshing Deo Soap",2
"MamyPoko Pants Standard Diapers, Extra Large (12 - 17 kg)",2
"Colin Glass and Surface Cleaner Liquid Spray Regular",2
"Dettol Antiseptic Disinfectant Liquid",2
"Ariel Matic Top Load Detergent Washing Powder",2
"Lizol Disinfectant Surface & Floor Cleaner Liquid Floral",2
"Surf Excel Quick Wash",2
"Om Bhakti Wick for Diya - Cotton Long Batti ",2
"Lizol Double Concentrate Disinfectant Floor Cleaner Citrus",2
"Vim Dishwash Bar",2
"Dettol Effective Protection Antiseptic Liquid",2
"Zandu Balm",2
"Vicks Vaporub",2
"Baidyanath Isabgol",2
"Fine Life Cotton Balls",2
